{
  "organizations": [
    {
      "code": "0001",
      "name": "郑州中心",
      "description": "风险",
      "remark": "",
      "createdAt": "2025-08-21T04:45:22.637Z",
      "updatedAt": "2025-08-26T01:32:45.095Z",
      "status": 0,
      "id": 13,
      "departments": [
        "风险"
      ]
    },
    {
      "code": "0100",
      "name": "北京分行",
      "description": "运营",
      "remark": "",
      "createdAt": "2025-08-21T05:34:19.882Z",
      "updatedAt": "2025-08-22T06:18:35.344Z",
      "status": 0,
      "id": 16
    },
    {
      "code": "0300",
      "name": "广州分行",
      "description": "科技",
      "remark": "",
      "createdAt": "2025-08-21T06:03:42.703Z",
      "updatedAt": "2025-08-22T06:18:35.939Z",
      "status": 0,
      "id": 18
    },
    {
      "code": "0400",
      "name": "烟台分行",
      "description": "111",
      "remark": "",
      "createdAt": "2025-08-21T06:03:53.019Z",
      "updatedAt": "2025-08-25T09:54:20.520Z",
      "status": 0,
      "id": 19
    },
    {
      "code": "0500",
      "name": "武汉分行",
      "description": "2222",
      "remark": "",
      "createdAt": "2025-08-21T06:04:03.386Z",
      "updatedAt": "2025-08-25T09:53:20.993Z",
      "status": 0,
      "id": 20
    },
    {
      "code": "0600",
      "name": "大连分行",
      "description": "3333",
      "remark": "",
      "createdAt": "2025-08-21T06:04:23.512Z",
      "updatedAt": "2025-08-25T09:53:19.307Z",
      "status": 0,
      "id": 21
    },
    {
      "code": "1600",
      "name": "济南分行",
      "description": "运营",
      "remark": "",
      "createdAt": "2025-08-21T06:04:43.988Z",
      "updatedAt": "2025-08-25T09:53:19.926Z",
      "status": 0,
      "id": 22
    },
    {
      "code": "1600",
      "name": "济南分行",
      "description": "科技",
      "remark": "",
      "createdAt": "2025-08-21T06:05:00.337Z",
      "updatedAt": "2025-08-26T06:17:54.559Z",
      "status": 0,
      "id": 23
    }
  ],
  "employees": [
    {
      "number": 9000390198,
      "name": "周雅静",
      "orgId": 13,
      "deptName": "风险",
      "position": "风险核查",
      "status": 0,
      "createdAt": "2025-08-26T16:04:05.615Z",
      "updatedAt": "2025-08-26T16:04:05.615Z",
      "id": 869
    },
    {
      "number": 9000390197,
      "name": "李俊杰",
      "orgId": 13,
      "deptName": "风险",
      "position": "风险核查",
      "status": 0,
      "createdAt": "2025-08-26T16:04:05.616Z",
      "updatedAt": "2025-08-26T16:04:05.616Z",
      "id": 870
    },
    {
      "number": 9000390195,
      "name": "韩淑昌",
      "orgId": 13,
      "deptName": "风险",
      "position": "风险核查",
      "status": 0,
      "createdAt": "2025-08-26T16:04:05.617Z",
      "updatedAt": "2025-08-26T16:04:05.617Z",
      "id": 871
    },
    {
      "number": 9000390196,
      "name": "刘晓依",
      "orgId": 13,
      "deptName": "风险",
      "position": "风险核查",
      "status": 0,
      "createdAt": "2025-08-26T16:04:05.617Z",
      "updatedAt": "2025-08-26T16:04:05.617Z",
      "id": 872
    },
    {
      "number": 9000390229,
      "name": "王璐",
      "orgId": 13,
      "deptName": "风险",
      "position": "风险核查",
      "status": 0,
      "createdAt": "2025-08-26T16:04:05.618Z",
      "updatedAt": "2025-08-26T16:04:05.618Z",
      "id": 873
    },
    {
      "number": 9000390190,
      "name": "王正国",
      "orgId": 13,
      "deptName": "风险",
      "position": "风险核查",
      "status": 0,
      "createdAt": "2025-08-26T16:04:05.619Z",
      "updatedAt": "2025-08-26T16:04:05.619Z",
      "id": 874
    },
    {
      "number": 9000390193,
      "name": "蔺东杰",
      "orgId": 13,
      "deptName": "风险",
      "position": "风险核查",
      "status": 0,
      "createdAt": "2025-08-26T16:04:05.620Z",
      "updatedAt": "2025-08-26T16:04:05.620Z",
      "id": 875
    },
    {
      "number": 9000284112,
      "name": "吴雪",
      "orgId": 13,
      "deptName": "风险",
      "position": "风险核查",
      "status": 0,
      "createdAt": "2025-08-26T16:04:05.620Z",
      "updatedAt": "2025-08-26T16:04:05.620Z",
      "id": 876
    },
    {
      "number": 9000286563,
      "name": "王雨",
      "orgId": 13,
      "deptName": "风险",
      "position": "风险核查",
      "status": 0,
      "createdAt": "2025-08-26T16:04:05.621Z",
      "updatedAt": "2025-08-26T16:04:05.621Z",
      "id": 877
    },
    {
      "number": 9000277844,
      "name": "丁亚梅",
      "orgId": 13,
      "deptName": "风险",
      "position": "风险核查",
      "status": 0,
      "createdAt": "2025-08-26T16:04:05.622Z",
      "updatedAt": "2025-08-26T16:04:05.622Z",
      "id": 878
    },
    {
      "number": 9000322711,
      "name": "任雪萌",
      "orgId": 13,
      "deptName": "风险",
      "position": "风险核查",
      "status": 0,
      "createdAt": "2025-08-26T16:04:05.625Z",
      "updatedAt": "2025-08-26T16:04:05.625Z",
      "id": 879
    },
    {
      "number": 9000282804,
      "name": "冯越",
      "orgId": 13,
      "deptName": "风险",
      "position": "风险核查",
      "status": 0,
      "createdAt": "2025-08-26T16:04:05.625Z",
      "updatedAt": "2025-08-26T16:04:05.625Z",
      "id": 880
    },
    {
      "number": 9000271024,
      "name": "董静",
      "orgId": 13,
      "deptName": "风险",
      "position": "风险核查",
      "status": 0,
      "createdAt": "2025-08-26T16:04:05.626Z",
      "updatedAt": "2025-08-26T16:04:05.626Z",
      "id": 881
    },
    {
      "number": 9000385131,
      "name": "蒋佳佳",
      "orgId": 13,
      "deptName": "风险",
      "position": "风险核查",
      "status": 0,
      "createdAt": "2025-08-26T16:04:05.627Z",
      "updatedAt": "2025-08-26T16:04:05.627Z",
      "id": 882
    },
    {
      "number": 7811100155,
      "name": "马庆慧",
      "orgId": 13,
      "deptName": "风险",
      "position": "风险核查",
      "status": 0,
      "createdAt": "2025-08-26T16:04:05.628Z",
      "updatedAt": "2025-08-26T16:04:05.628Z",
      "id": 883
    },
    {
      "number": 9000384107,
      "name": "刘子爽",
      "orgId": 13,
      "deptName": "风险",
      "position": "风险核查",
      "status": 0,
      "createdAt": "2025-08-26T16:04:05.628Z",
      "updatedAt": "2025-08-26T16:04:05.628Z",
      "id": 884
    },
    {
      "number": 9000384117,
      "name": "卢云萌",
      "orgId": 13,
      "deptName": "风险",
      "position": "风险核查",
      "status": 0,
      "createdAt": "2025-08-26T16:04:05.629Z",
      "updatedAt": "2025-08-26T16:04:05.629Z",
      "id": 885
    },
    {
      "number": 7811100017,
      "name": "马炎",
      "orgId": 13,
      "deptName": "风险",
      "position": "风险核查",
      "status": 0,
      "createdAt": "2025-08-26T16:04:05.630Z",
      "updatedAt": "2025-08-26T16:04:05.630Z",
      "id": 886
    },
    {
      "number": 7811100015,
      "name": "于剑",
      "orgId": 13,
      "deptName": "风险",
      "position": "个人",
      "status": 0,
      "createdAt": "2025-08-26T16:04:05.631Z",
      "updatedAt": "2025-08-26T16:04:05.631Z",
      "id": 887
    },
    {
      "number": 9000351997,
      "name": "王永辞",
      "orgId": 13,
      "deptName": "风险",
      "position": "个人",
      "status": 0,
      "createdAt": "2025-08-26T16:04:05.631Z",
      "updatedAt": "2025-08-26T16:04:05.631Z",
      "id": 888
    },
    {
      "number": 9000336272,
      "name": "郭涵",
      "orgId": 13,
      "deptName": "风险",
      "position": "个人",
      "status": 0,
      "createdAt": "2025-08-26T16:04:05.632Z",
      "updatedAt": "2025-08-26T16:04:05.632Z",
      "id": 889
    },
    {
      "number": 9000358368,
      "name": "杨文萍",
      "orgId": 13,
      "deptName": "风险",
      "position": "个人",
      "status": 0,
      "createdAt": "2025-08-26T16:04:05.632Z",
      "updatedAt": "2025-08-26T16:04:05.632Z",
      "id": 890
    },
    {
      "number": 9000339711,
      "name": "李芳",
      "orgId": 13,
      "deptName": "风险",
      "position": "个人",
      "status": 0,
      "createdAt": "2025-08-26T16:04:05.633Z",
      "updatedAt": "2025-08-26T16:04:05.633Z",
      "id": 891
    },
    {
      "number": 9000299145,
      "name": "王栋梁",
      "orgId": 13,
      "deptName": "风险",
      "position": "个人",
      "status": 0,
      "createdAt": "2025-08-26T16:04:05.633Z",
      "updatedAt": "2025-08-26T16:04:05.633Z",
      "id": 892
    },
    {
      "number": 9000293007,
      "name": "张梦远",
      "orgId": 13,
      "deptName": "风险",
      "position": "个人",
      "status": 0,
      "createdAt": "2025-08-26T16:04:05.634Z",
      "updatedAt": "2025-08-26T16:04:05.634Z",
      "id": 893
    },
    {
      "number": 9000296479,
      "name": "夏在莹",
      "orgId": 13,
      "deptName": "风险",
      "position": "个人",
      "status": 0,
      "createdAt": "2025-08-26T16:04:05.635Z",
      "updatedAt": "2025-08-26T16:04:05.635Z",
      "id": 894
    },
    {
      "number": 9000314712,
      "name": "蔡淑姣",
      "orgId": 13,
      "deptName": "风险",
      "position": "个人",
      "status": 0,
      "createdAt": "2025-08-26T16:04:05.635Z",
      "updatedAt": "2025-08-26T16:04:05.635Z",
      "id": 895
    },
    {
      "number": 9000339705,
      "name": "刘晴",
      "orgId": 13,
      "deptName": "风险",
      "position": "个人",
      "status": 0,
      "createdAt": "2025-08-26T16:04:05.636Z",
      "updatedAt": "2025-08-26T16:04:05.636Z",
      "id": 896
    },
    {
      "number": 9000361241,
      "name": "张玲",
      "orgId": 13,
      "deptName": "风险",
      "position": "个人",
      "status": 0,
      "createdAt": "2025-08-26T16:04:05.637Z",
      "updatedAt": "2025-08-26T16:04:05.637Z",
      "id": 897
    },
    {
      "number": 9000327945,
      "name": "刘青青",
      "orgId": 13,
      "deptName": "风险",
      "position": "个人",
      "status": 0,
      "createdAt": "2025-08-26T16:04:05.637Z",
      "updatedAt": "2025-08-26T16:04:05.637Z",
      "id": 898
    },
    {
      "number": 9000276443,
      "name": "邱文月",
      "orgId": 13,
      "deptName": "风险",
      "position": "个人",
      "status": 0,
      "createdAt": "2025-08-26T16:04:05.638Z",
      "updatedAt": "2025-08-26T16:04:05.638Z",
      "id": 899
    },
    {
      "number": 9000040066,
      "name": "蒋文静",
      "orgId": 13,
      "deptName": "风险",
      "position": "个人",
      "status": 0,
      "createdAt": "2025-08-26T16:04:05.639Z",
      "updatedAt": "2025-08-26T16:04:05.639Z",
      "id": 900
    },
    {
      "number": 9000283567,
      "name": "李瑶1",
      "orgId": 13,
      "deptName": "风险",
      "position": "个人",
      "status": 0,
      "createdAt": "2025-08-26T16:04:05.640Z",
      "updatedAt": "2025-08-26T16:04:05.640Z",
      "id": 901
    },
    {
      "number": 9000277847,
      "name": "李璇",
      "orgId": 13,
      "deptName": "风险",
      "position": "个人",
      "status": 0,
      "createdAt": "2025-08-26T16:04:05.640Z",
      "updatedAt": "2025-08-26T16:04:05.640Z",
      "id": 902
    },
    {
      "number": 9000282805,
      "name": "韩艺青",
      "orgId": 13,
      "deptName": "风险",
      "position": "个人",
      "status": 0,
      "createdAt": "2025-08-26T16:04:05.641Z",
      "updatedAt": "2025-08-26T16:04:05.641Z",
      "id": 903
    },
    {
      "number": 9000295092,
      "name": "丰爽",
      "orgId": 13,
      "deptName": "风险",
      "position": "个人",
      "status": 0,
      "createdAt": "2025-08-26T16:04:05.641Z",
      "updatedAt": "2025-08-26T16:04:05.641Z",
      "id": 904
    },
    {
      "number": 9000314458,
      "name": "陈慧敏",
      "orgId": 13,
      "deptName": "风险",
      "position": "个人",
      "status": 0,
      "createdAt": "2025-08-26T16:04:05.642Z",
      "updatedAt": "2025-08-26T16:04:05.642Z",
      "id": 905
    },
    {
      "number": 9000322636,
      "name": "李思雨",
      "orgId": 13,
      "deptName": "风险",
      "position": "个人",
      "status": 0,
      "createdAt": "2025-08-26T16:04:05.643Z",
      "updatedAt": "2025-08-26T16:04:05.643Z",
      "id": 906
    },
    {
      "number": 9000288312,
      "name": "景洋",
      "orgId": 13,
      "deptName": "风险",
      "position": "个人",
      "status": 0,
      "createdAt": "2025-08-26T16:04:05.643Z",
      "updatedAt": "2025-08-26T16:04:05.643Z",
      "id": 907
    },
    {
      "number": 9000288396,
      "name": "陈婷婷",
      "orgId": 13,
      "deptName": "风险",
      "position": "个人",
      "status": 0,
      "createdAt": "2025-08-26T16:04:05.644Z",
      "updatedAt": "2025-08-26T16:04:05.644Z",
      "id": 908
    },
    {
      "number": 9000385138,
      "name": "刘阳",
      "orgId": 13,
      "deptName": "风险",
      "position": "个人",
      "status": 0,
      "createdAt": "2025-08-26T16:04:05.644Z",
      "updatedAt": "2025-08-26T16:04:05.644Z",
      "id": 909
    },
    {
      "number": 9000385135,
      "name": "程丽云",
      "orgId": 13,
      "deptName": "风险",
      "position": "个人",
      "status": 0,
      "createdAt": "2025-08-26T16:04:05.645Z",
      "updatedAt": "2025-08-26T16:04:05.645Z",
      "id": 910
    },
    {
      "number": 9000385137,
      "name": "吴勃迅",
      "orgId": 13,
      "deptName": "风险",
      "position": "个人",
      "status": 0,
      "createdAt": "2025-08-26T16:04:05.645Z",
      "updatedAt": "2025-08-26T16:04:05.645Z",
      "id": 911
    },
    {
      "number": 9000284680,
      "name": "杨玉爽",
      "orgId": 13,
      "deptName": "风险",
      "position": "对公",
      "status": 0,
      "createdAt": "2025-08-26T16:04:05.646Z",
      "updatedAt": "2025-08-26T16:04:05.646Z",
      "id": 912
    },
    {
      "number": 9000277851,
      "name": "张薇",
      "orgId": 13,
      "deptName": "风险",
      "position": "对公",
      "status": 0,
      "createdAt": "2025-08-26T16:04:05.646Z",
      "updatedAt": "2025-08-26T16:04:05.646Z",
      "id": 913
    },
    {
      "number": 7811100019,
      "name": "李雪凯",
      "orgId": 13,
      "deptName": "风险",
      "position": "对公",
      "status": 0,
      "createdAt": "2025-08-26T16:04:05.647Z",
      "updatedAt": "2025-08-26T16:04:05.647Z",
      "id": 914
    },
    {
      "number": 9000273605,
      "name": "彭静雅",
      "orgId": 13,
      "deptName": "风险",
      "position": "对公",
      "status": 0,
      "createdAt": "2025-08-26T16:04:05.647Z",
      "updatedAt": "2025-08-26T16:04:05.647Z",
      "id": 915
    },
    {
      "number": 7811200049,
      "name": "张羽",
      "orgId": 13,
      "deptName": "风险",
      "position": "对公",
      "status": 0,
      "createdAt": "2025-08-26T16:04:05.648Z",
      "updatedAt": "2025-08-26T16:04:05.648Z",
      "id": 916
    },
    {
      "number": 7811500006,
      "name": "杨敬贤",
      "orgId": 13,
      "deptName": "风险",
      "position": "对公",
      "status": 0,
      "createdAt": "2025-08-26T16:04:05.649Z",
      "updatedAt": "2025-08-26T16:04:05.649Z",
      "id": 917
    },
    {
      "number": 9000279563,
      "name": "王丽坤",
      "orgId": 13,
      "deptName": "风险",
      "position": "对公",
      "status": 0,
      "createdAt": "2025-08-26T16:04:05.649Z",
      "updatedAt": "2025-08-26T16:04:05.649Z",
      "id": 918
    },
    {
      "number": 9000275301,
      "name": "李忆雯",
      "orgId": 13,
      "deptName": "风险",
      "position": "对公",
      "status": 0,
      "createdAt": "2025-08-26T16:04:05.649Z",
      "updatedAt": "2025-08-26T16:04:05.649Z",
      "id": 919
    },
    {
      "number": 9000330993,
      "name": "侯宗渝",
      "orgId": 13,
      "deptName": "风险",
      "position": "对公",
      "status": 0,
      "createdAt": "2025-08-26T16:04:05.650Z",
      "updatedAt": "2025-08-26T16:04:05.650Z",
      "id": 920
    },
    {
      "number": 7811100044,
      "name": "周碧聪",
      "orgId": 13,
      "deptName": "风险",
      "position": "对公",
      "status": 0,
      "createdAt": "2025-08-26T16:04:05.650Z",
      "updatedAt": "2025-08-26T16:04:05.650Z",
      "id": 921
    },
    {
      "number": 9000288422,
      "name": "马欣欣",
      "orgId": 13,
      "deptName": "风险",
      "position": "对公",
      "status": 0,
      "createdAt": "2025-08-26T16:04:05.651Z",
      "updatedAt": "2025-08-26T16:04:05.651Z",
      "id": 922
    },
    {
      "number": 9000384099,
      "name": "孙耀",
      "orgId": 13,
      "deptName": "风险",
      "position": "对公",
      "status": 0,
      "createdAt": "2025-08-26T16:04:05.651Z",
      "updatedAt": "2025-08-26T16:04:05.651Z",
      "id": 923
    },
    {
      "number": 9000381702,
      "name": "常雨晴",
      "orgId": 13,
      "deptName": "风险",
      "position": "对公",
      "status": 0,
      "createdAt": "2025-08-26T16:04:05.652Z",
      "updatedAt": "2025-08-26T16:04:05.652Z",
      "id": 924
    },
    {
      "number": 9000282808,
      "name": "王艳平",
      "orgId": 13,
      "deptName": "风险",
      "position": "对公",
      "status": 0,
      "createdAt": "2025-08-26T16:04:05.652Z",
      "updatedAt": "2025-08-26T16:04:05.652Z",
      "id": 925
    }
  ],
  "shifts": [
    {
      "code": "G",
      "name": "白班",
      "startTime": "08:50",
      "endTime": "18:00",
      "description": "正常白班",
      "status": 0,
      "createdAt": "2025-08-25T17:32:34.155Z",
      "updatedAt": "2025-08-25T17:32:34.155Z",
      "id": 1
    },
    {
      "code": "Y0",
      "name": "夜班00:00-08:00",
      "startTime": "00:00",
      "endTime": "08:00",
      "description": "夜班",
      "status": 1,
      "createdAt": "2025-08-25T17:32:34.155Z",
      "updatedAt": "2025-08-29T04:51:15.888Z",
      "id": 2
    },
    {
      "code": "Y1030普",
      "name": "中班10:20-19:30",
      "startTime": "10:20",
      "endTime": "19:30",
      "description": "普通中班",
      "status": 0,
      "createdAt": "2025-08-25T17:32:34.155Z",
      "updatedAt": "2025-08-25T17:32:34.155Z",
      "id": 3
    },
    {
      "code": "Y1330普",
      "name": "中班13:20-22:00",
      "startTime": "13:20",
      "endTime": "22:00",
      "description": "普通中班",
      "status": 1,
      "createdAt": "2025-08-25T17:32:34.155Z",
      "updatedAt": "2025-08-29T04:51:20.788Z",
      "id": 4
    },
    {
      "code": "Y1330综",
      "name": "中班13:20-22:00(综合)",
      "startTime": "13:20",
      "endTime": "22:00",
      "description": "综合中班",
      "status": 1,
      "createdAt": "2025-08-25T17:32:34.155Z",
      "updatedAt": "2025-08-29T04:51:21.708Z",
      "id": 5
    },
    {
      "code": "Y1330贵",
      "name": "中班13:20-22:00(贵宾)",
      "startTime": "13:20",
      "endTime": "22:00",
      "description": "贵宾中班",
      "status": 1,
      "createdAt": "2025-08-25T17:32:34.155Z",
      "updatedAt": "2025-08-29T04:51:17.391Z",
      "id": 6
    },
    {
      "code": "Y16综",
      "name": "晚班15:50-次日00:00",
      "startTime": "15:50",
      "endTime": "24:00",
      "description": "综合晚班",
      "status": 0,
      "createdAt": "2025-08-25T17:32:34.155Z",
      "updatedAt": "2025-08-29T01:15:58.416Z",
      "id": 7
    },
    {
      "code": "Y18普",
      "name": "晚班18:00-次日02:00",
      "startTime": "18:00",
      "endTime": "02:00",
      "description": "普通晚班",
      "status": 1,
      "createdAt": "2025-08-25T17:32:34.155Z",
      "updatedAt": "2025-08-29T04:51:23.406Z",
      "id": 8
    },
    {
      "code": "Y8普",
      "name": "早班07:50-16:30",
      "startTime": "07:50",
      "endTime": "16:30",
      "description": "普通早班",
      "status": 1,
      "createdAt": "2025-08-25T17:32:34.155Z",
      "updatedAt": "2025-08-29T04:51:23.780Z",
      "id": 9
    },
    {
      "code": "Y8综",
      "name": "早班07:50-16:30(综合)",
      "startTime": "07:50",
      "endTime": "16:30",
      "description": "综合早班",
      "status": 1,
      "createdAt": "2025-08-25T17:32:34.155Z",
      "updatedAt": "2025-08-29T04:51:24.190Z",
      "id": 10
    },
    {
      "code": "Y9值",
      "name": "值班08:50-17:30",
      "startTime": "08:50",
      "endTime": "17:30",
      "description": "值班",
      "status": 1,
      "createdAt": "2025-08-25T17:32:34.155Z",
      "updatedAt": "2025-08-29T04:51:25.573Z",
      "id": 11
    },
    {
      "code": "Y9公",
      "name": "对公值班08:50-17:30",
      "startTime": "08:50",
      "endTime": "17:30",
      "description": "对公白班",
      "status": 1,
      "updatedAt": "2025-08-29T04:51:24.832Z",
      "createdAt": "2025-08-29T00:00:00.000Z",
      "id": 12
    },
    {
      "code": "Y9普",
      "name": "普通班08:50-17:30",
      "startTime": "08:50",
      "endTime": "17:30",
      "description": "普通班",
      "status": 1,
      "createdAt": "2025-08-25T17:32:34.155Z",
      "updatedAt": "2025-08-29T04:51:25.205Z",
      "id": 13
    },
    {
      "code": "Y9综",
      "name": "综合班08:50-17:30",
      "startTime": "08:50",
      "endTime": "17:30",
      "description": "综合班",
      "status": 1,
      "updatedAt": "2025-08-29T04:51:27.332Z",
      "id": 14,
      "createdAt": "1970-01-01T00:00:00.000Z"
    },
    {
      "code": "G值",
      "name": "周末个人值班08:50-18:00",
      "startTime": "08:50",
      "endTime": "18:00",
      "description": "个人岗周末G班",
      "status": 0,
      "updatedAt": "2025-08-29T02:22:11.134Z",
      "createdAt": "2025-08-29T00:00:00.000Z",
      "id": 15
    },
    {
      "code": "休",
      "name": "休息日",
      "startTime": "",
      "endTime": "",
      "description": "当天休息",
      "status": 0,
      "createdAt": "2025-08-25T17:32:34.155Z",
      "updatedAt": "2025-08-26T04:38:42.707Z",
      "id": 16
    },
    {
      "code": "C",
      "name": "产假",
      "startTime": "",
      "endTime": "",
      "description": "产假",
      "status": 0,
      "createdAt": "2025-08-25T17:32:34.155Z",
      "updatedAt": "2025-08-25T17:32:34.155Z",
      "id": 17
    },
    {
      "code": "G值-A",
      "name": "周末对公值班A岗",
      "startTime": "08:50",
      "endTime": "18:00",
      "description": "对公周末G班A岗",
      "status": 0,
      "updatedAt": "2025-08-29T01:28:44.345Z",
      "createdAt": "2025-08-29T00:00:00.000Z",
      "id": 52
    },
    {
      "code": "G值-C",
      "name": "周末对公值班C岗",
      "startTime": "08:50",
      "endTime": "18:00",
      "description": "对公周末G班C岗",
      "status": 0,
      "updatedAt": "2025-08-29T02:20:34.429Z",
      "createdAt": "2025-08-29T00:00:00.000Z",
      "id": 53
    },
    {
      "code": "G值-B",
      "name": "周末风险值班B岗",
      "startTime": "08:50",
      "endTime": "18:00",
      "description": "风险核查岗周末G班B岗",
      "status": 0,
      "updatedAt": "2025-08-29T02:21:30.544Z",
      "createdAt": "2025-08-29T02:21:30.543Z",
      "id": 54
    }
  ],
  "identifiers": [
    {
      "id": 9827,
      "canWork": true,
      "updatedAt": "2025-08-31T14:58:08.376Z",
      "createdAt": null,
      "employeeNumber": 9000390197,
      "shiftCode": "G"
    },
    {
      "id": 9828,
      "canWork": false,
      "updatedAt": "2025-08-29T05:26:39.910Z",
      "createdAt": "1970-01-01T00:00:00.000Z",
      "employeeNumber": 9000390197,
      "shiftCode": "G值"
    },
    {
      "id": 9829,
      "canWork": true,
      "updatedAt": "2025-08-31T14:58:08.376Z",
      "createdAt": null,
      "employeeNumber": 9000390195,
      "shiftCode": "G"
    },
    {
      "id": 9830,
      "canWork": false,
      "updatedAt": "2025-08-29T05:26:39.910Z",
      "createdAt": "1970-01-01T00:00:00.000Z",
      "employeeNumber": 9000390195,
      "shiftCode": "G值"
    },
    {
      "id": 9831,
      "canWork": true,
      "updatedAt": "2025-08-31T14:58:08.377Z",
      "createdAt": null,
      "employeeNumber": 9000390196,
      "shiftCode": "G"
    },
    {
      "id": 9832,
      "canWork": false,
      "updatedAt": "2025-08-29T05:26:39.910Z",
      "createdAt": "1970-01-01T00:00:00.000Z",
      "employeeNumber": 9000390196,
      "shiftCode": "G值"
    },
    {
      "id": 9833,
      "canWork": true,
      "updatedAt": "2025-08-31T14:58:08.377Z",
      "createdAt": null,
      "employeeNumber": 9000390229,
      "shiftCode": "G"
    },
    {
      "id": 9834,
      "canWork": false,
      "updatedAt": "2025-08-29T05:26:39.910Z",
      "createdAt": "1970-01-01T00:00:00.000Z",
      "employeeNumber": 9000390229,
      "shiftCode": "G值"
    },
    {
      "id": 9835,
      "canWork": true,
      "updatedAt": "2025-08-31T14:58:08.377Z",
      "createdAt": null,
      "employeeNumber": 9000390190,
      "shiftCode": "G"
    },
    {
      "id": 9836,
      "canWork": false,
      "updatedAt": "2025-08-29T05:26:39.910Z",
      "createdAt": "1970-01-01T00:00:00.000Z",
      "employeeNumber": 9000390190,
      "shiftCode": "G值"
    },
    {
      "id": 9837,
      "canWork": true,
      "updatedAt": "2025-08-31T14:58:08.377Z",
      "createdAt": null,
      "employeeNumber": 9000390193,
      "shiftCode": "G"
    },
    {
      "id": 9838,
      "canWork": false,
      "updatedAt": "2025-08-29T05:26:39.910Z",
      "createdAt": "1970-01-01T00:00:00.000Z",
      "employeeNumber": 9000390193,
      "shiftCode": "G值"
    },
    {
      "id": 9839,
      "canWork": true,
      "updatedAt": "2025-08-31T14:58:08.377Z",
      "createdAt": null,
      "employeeNumber": 9000284112,
      "shiftCode": "G"
    },
    {
      "canWork": true,
      "createdAt": "2025-08-29T01:17:41.887Z",
      "updatedAt": "2025-08-29T01:17:41.943Z",
      "id": 9840,
      "employeeNumber": 9000286563,
      "shiftCode": "C"
    },
    {
      "id": 9841,
      "canWork": true,
      "updatedAt": "2025-08-31T14:58:08.377Z",
      "createdAt": null,
      "employeeNumber": 9000277844,
      "shiftCode": "G"
    },
    {
      "id": 9842,
      "canWork": false,
      "updatedAt": "2025-08-29T05:26:39.911Z",
      "createdAt": "1970-01-01T00:00:00.000Z",
      "employeeNumber": 9000277844,
      "shiftCode": "G值"
    },
    {
      "id": 9843,
      "canWork": true,
      "updatedAt": "2025-08-31T14:58:08.377Z",
      "createdAt": null,
      "employeeNumber": 9000322711,
      "shiftCode": "G"
    },
    {
      "id": 9844,
      "canWork": false,
      "updatedAt": "2025-08-29T05:26:39.911Z",
      "createdAt": "1970-01-01T00:00:00.000Z",
      "employeeNumber": 9000322711,
      "shiftCode": "G值"
    },
    {
      "id": 9845,
      "canWork": true,
      "updatedAt": "2025-08-31T14:58:08.377Z",
      "createdAt": null,
      "employeeNumber": 9000282804,
      "shiftCode": "G"
    },
    {
      "id": 9846,
      "canWork": true,
      "updatedAt": "2025-08-31T14:58:08.377Z",
      "createdAt": null,
      "employeeNumber": 9000271024,
      "shiftCode": "G"
    },
    {
      "id": 9847,
      "canWork": false,
      "updatedAt": "2025-08-29T05:26:39.911Z",
      "createdAt": "1970-01-01T00:00:00.000Z",
      "employeeNumber": 9000271024,
      "shiftCode": "G值"
    },
    {
      "id": 9848,
      "canWork": true,
      "updatedAt": "2025-08-31T14:58:08.377Z",
      "createdAt": null,
      "employeeNumber": 9000385131,
      "shiftCode": "G"
    },
    {
      "id": 9849,
      "canWork": false,
      "updatedAt": "2025-08-29T05:26:39.911Z",
      "createdAt": "1970-01-01T00:00:00.000Z",
      "employeeNumber": 9000385131,
      "shiftCode": "G值"
    },
    {
      "id": 9850,
      "canWork": true,
      "updatedAt": "2025-08-31T14:58:08.377Z",
      "createdAt": null,
      "employeeNumber": 7811100155,
      "shiftCode": "G"
    },
    {
      "id": 9851,
      "canWork": false,
      "updatedAt": "2025-08-29T05:26:39.911Z",
      "createdAt": "1970-01-01T00:00:00.000Z",
      "employeeNumber": 7811100155,
      "shiftCode": "G值"
    },
    {
      "id": 9852,
      "canWork": true,
      "updatedAt": "2025-08-31T14:58:08.377Z",
      "createdAt": null,
      "employeeNumber": 9000384107,
      "shiftCode": "G"
    },
    {
      "id": 9853,
      "canWork": false,
      "updatedAt": "2025-08-29T05:26:39.911Z",
      "createdAt": "1970-01-01T00:00:00.000Z",
      "employeeNumber": 9000384107,
      "shiftCode": "G值"
    },
    {
      "id": 9854,
      "canWork": true,
      "updatedAt": "2025-08-31T14:58:08.377Z",
      "createdAt": null,
      "employeeNumber": 9000384117,
      "shiftCode": "G"
    },
    {
      "id": 9855,
      "canWork": false,
      "updatedAt": "2025-08-29T05:26:39.911Z",
      "createdAt": "1970-01-01T00:00:00.000Z",
      "employeeNumber": 9000384117,
      "shiftCode": "G值"
    },
    {
      "id": 9856,
      "canWork": true,
      "updatedAt": "2025-08-31T14:58:08.377Z",
      "createdAt": null,
      "employeeNumber": 7811100017,
      "shiftCode": "G"
    },
    {
      "id": 9857,
      "canWork": true,
      "updatedAt": "2025-08-31T14:58:08.377Z",
      "createdAt": null,
      "employeeNumber": 7811100015,
      "shiftCode": "G"
    },
    {
      "id": 9858,
      "canWork": true,
      "updatedAt": "2025-08-31T14:58:08.377Z",
      "createdAt": null,
      "employeeNumber": 9000351997,
      "shiftCode": "G"
    },
    {
      "id": 9859,
      "canWork": true,
      "updatedAt": "2025-08-31T14:58:08.377Z",
      "createdAt": null,
      "employeeNumber": 9000336272,
      "shiftCode": "G"
    },
    {
      "id": 9860,
      "canWork": true,
      "updatedAt": "2025-08-31T14:58:08.377Z",
      "createdAt": null,
      "employeeNumber": 9000358368,
      "shiftCode": "G"
    },
    {
      "id": 9861,
      "canWork": true,
      "updatedAt": "2025-08-31T14:58:08.377Z",
      "createdAt": null,
      "employeeNumber": 9000339711,
      "shiftCode": "G"
    },
    {
      "id": 9862,
      "canWork": true,
      "updatedAt": "2025-08-31T14:58:08.377Z",
      "createdAt": null,
      "employeeNumber": 9000299145,
      "shiftCode": "G"
    },
    {
      "id": 9863,
      "canWork": true,
      "updatedAt": "2025-08-31T14:58:08.377Z",
      "createdAt": null,
      "employeeNumber": 9000293007,
      "shiftCode": "G"
    },
    {
      "id": 9864,
      "canWork": true,
      "updatedAt": "2025-08-31T14:58:08.377Z",
      "createdAt": null,
      "employeeNumber": 9000296479,
      "shiftCode": "G"
    },
    {
      "id": 9865,
      "canWork": true,
      "updatedAt": "2025-08-31T14:58:08.377Z",
      "createdAt": null,
      "employeeNumber": 9000314712,
      "shiftCode": "G"
    },
    {
      "id": 9866,
      "canWork": true,
      "updatedAt": "2025-08-31T14:58:08.377Z",
      "createdAt": null,
      "employeeNumber": 9000361241,
      "shiftCode": "G"
    },
    {
      "id": 9867,
      "canWork": true,
      "updatedAt": "2025-08-31T14:58:08.377Z",
      "createdAt": null,
      "employeeNumber": 9000327945,
      "shiftCode": "G"
    },
    {
      "id": 9868,
      "canWork": true,
      "updatedAt": "2025-08-31T14:58:08.378Z",
      "createdAt": null,
      "employeeNumber": 9000276443,
      "shiftCode": "G"
    },
    {
      "id": 9869,
      "canWork": true,
      "updatedAt": "2025-08-31T14:58:08.378Z",
      "createdAt": null,
      "employeeNumber": 9000040066,
      "shiftCode": "G"
    },
    {
      "id": 9870,
      "canWork": true,
      "updatedAt": "2025-08-31T14:58:08.378Z",
      "createdAt": null,
      "employeeNumber": 9000283567,
      "shiftCode": "G"
    },
    {
      "canWork": true,
      "createdAt": "2025-08-29T01:17:41.902Z",
      "updatedAt": "2025-08-29T01:17:41.943Z",
      "id": 9871,
      "employeeNumber": 9000283567,
      "shiftCode": "Y1030普"
    },
    {
      "canWork": true,
      "createdAt": "2025-08-29T01:17:41.903Z",
      "updatedAt": "2025-08-29T01:17:41.943Z",
      "id": 9872,
      "employeeNumber": 9000283567,
      "shiftCode": "Y16综"
    },
    {
      "canWork": true,
      "createdAt": "2025-08-29T01:17:41.903Z",
      "updatedAt": "2025-08-29T01:17:41.943Z",
      "id": 9873,
      "employeeNumber": 9000283567,
      "shiftCode": "G值"
    },
    {
      "id": 9874,
      "canWork": true,
      "updatedAt": "2025-08-31T14:58:08.378Z",
      "createdAt": null,
      "employeeNumber": 9000277847,
      "shiftCode": "G"
    },
    {
      "canWork": true,
      "createdAt": "2025-08-29T01:17:41.904Z",
      "updatedAt": "2025-08-29T01:17:41.943Z",
      "id": 9875,
      "employeeNumber": 9000277847,
      "shiftCode": "Y1030普"
    },
    {
      "canWork": true,
      "createdAt": "2025-08-29T01:17:41.905Z",
      "updatedAt": "2025-08-29T01:17:41.943Z",
      "id": 9876,
      "employeeNumber": 9000277847,
      "shiftCode": "Y16综"
    },
    {
      "canWork": true,
      "createdAt": "2025-08-29T01:17:41.905Z",
      "updatedAt": "2025-08-29T01:17:41.943Z",
      "id": 9877,
      "employeeNumber": 9000277847,
      "shiftCode": "G值"
    },
    {
      "id": 9878,
      "canWork": true,
      "updatedAt": "2025-08-31T14:58:08.378Z",
      "createdAt": null,
      "employeeNumber": 9000282805,
      "shiftCode": "G"
    },
    {
      "canWork": true,
      "createdAt": "2025-08-29T01:17:41.906Z",
      "updatedAt": "2025-08-29T01:17:41.943Z",
      "id": 9879,
      "employeeNumber": 9000282805,
      "shiftCode": "Y1030普"
    },
    {
      "canWork": true,
      "createdAt": "2025-08-29T01:17:41.906Z",
      "updatedAt": "2025-08-29T01:17:41.943Z",
      "id": 9880,
      "employeeNumber": 9000282805,
      "shiftCode": "Y16综"
    },
    {
      "canWork": true,
      "createdAt": "2025-08-29T01:17:41.907Z",
      "updatedAt": "2025-08-29T01:17:41.943Z",
      "id": 9881,
      "employeeNumber": 9000282805,
      "shiftCode": "G值"
    },
    {
      "id": 9882,
      "canWork": true,
      "updatedAt": "2025-08-31T14:58:08.378Z",
      "createdAt": null,
      "employeeNumber": 9000295092,
      "shiftCode": "G"
    },
    {
      "canWork": true,
      "createdAt": "2025-08-29T01:17:41.908Z",
      "updatedAt": "2025-08-29T01:17:41.943Z",
      "id": 9883,
      "employeeNumber": 9000295092,
      "shiftCode": "Y1030普"
    },
    {
      "canWork": true,
      "createdAt": "2025-08-29T01:17:41.908Z",
      "updatedAt": "2025-08-29T01:17:41.943Z",
      "id": 9884,
      "employeeNumber": 9000295092,
      "shiftCode": "G值"
    },
    {
      "id": 9885,
      "canWork": true,
      "updatedAt": "2025-08-31T14:58:08.378Z",
      "createdAt": null,
      "employeeNumber": 9000314458,
      "shiftCode": "G"
    },
    {
      "canWork": true,
      "createdAt": "2025-08-29T01:17:41.909Z",
      "updatedAt": "2025-08-29T01:17:41.943Z",
      "id": 9886,
      "employeeNumber": 9000314458,
      "shiftCode": "Y1030普"
    },
    {
      "canWork": true,
      "createdAt": "2025-08-29T01:17:41.910Z",
      "updatedAt": "2025-08-29T01:17:41.943Z",
      "id": 9887,
      "employeeNumber": 9000314458,
      "shiftCode": "Y16综"
    },
    {
      "canWork": true,
      "createdAt": "2025-08-29T01:17:41.910Z",
      "updatedAt": "2025-08-29T01:17:41.943Z",
      "id": 9888,
      "employeeNumber": 9000314458,
      "shiftCode": "G值"
    },
    {
      "id": 9889,
      "canWork": true,
      "updatedAt": "2025-08-31T14:58:08.378Z",
      "createdAt": null,
      "employeeNumber": 9000322636,
      "shiftCode": "G"
    },
    {
      "canWork": true,
      "createdAt": "2025-08-29T01:17:41.912Z",
      "updatedAt": "2025-08-29T01:17:41.943Z",
      "id": 9890,
      "employeeNumber": 9000322636,
      "shiftCode": "Y1030普"
    },
    {
      "canWork": true,
      "createdAt": "2025-08-29T01:17:41.912Z",
      "updatedAt": "2025-08-29T01:17:41.943Z",
      "id": 9891,
      "employeeNumber": 9000322636,
      "shiftCode": "Y16综"
    },
    {
      "canWork": true,
      "createdAt": "2025-08-29T01:17:41.913Z",
      "updatedAt": "2025-08-29T01:17:41.943Z",
      "id": 9892,
      "employeeNumber": 9000322636,
      "shiftCode": "G值"
    },
    {
      "id": 9893,
      "canWork": true,
      "updatedAt": "2025-08-31T14:58:08.378Z",
      "createdAt": null,
      "employeeNumber": 9000288312,
      "shiftCode": "G"
    },
    {
      "canWork": true,
      "createdAt": "2025-08-29T01:17:41.914Z",
      "updatedAt": "2025-08-29T01:17:41.943Z",
      "id": 9894,
      "employeeNumber": 9000288312,
      "shiftCode": "Y1030普"
    },
    {
      "id": 9895,
      "canWork": true,
      "updatedAt": "2025-08-31T14:58:08.378Z",
      "createdAt": null,
      "employeeNumber": 9000288396,
      "shiftCode": "G"
    },
    {
      "canWork": true,
      "createdAt": "2025-08-29T01:17:41.915Z",
      "updatedAt": "2025-08-29T01:17:41.943Z",
      "id": 9896,
      "employeeNumber": 9000288396,
      "shiftCode": "Y1030普"
    },
    {
      "canWork": true,
      "createdAt": "2025-08-29T01:17:41.915Z",
      "updatedAt": "2025-08-29T01:17:41.943Z",
      "id": 9897,
      "employeeNumber": 9000288396,
      "shiftCode": "G值"
    },
    {
      "id": 9898,
      "canWork": true,
      "updatedAt": "2025-08-31T14:58:08.378Z",
      "createdAt": null,
      "employeeNumber": 9000385138,
      "shiftCode": "G"
    },
    {
      "canWork": true,
      "createdAt": "2025-08-29T01:17:41.916Z",
      "updatedAt": "2025-08-29T01:17:41.943Z",
      "id": 9899,
      "employeeNumber": 9000385138,
      "shiftCode": "Y1030普"
    },
    {
      "canWork": true,
      "createdAt": "2025-08-29T01:17:41.917Z",
      "updatedAt": "2025-08-29T01:17:41.943Z",
      "id": 9900,
      "employeeNumber": 9000385138,
      "shiftCode": "Y16综"
    },
    {
      "canWork": true,
      "createdAt": "2025-08-29T01:17:41.917Z",
      "updatedAt": "2025-08-29T01:17:41.943Z",
      "id": 9901,
      "employeeNumber": 9000385138,
      "shiftCode": "G值"
    },
    {
      "id": 9902,
      "canWork": true,
      "employeeNumber": 9000385135,
      "shiftCode": "G",
      "updatedAt": "2025-09-01T03:14:29.926Z"
    },
    {
      "canWork": true,
      "createdAt": "2025-08-29T01:17:41.918Z",
      "updatedAt": "2025-08-29T01:17:41.943Z",
      "id": 9903,
      "employeeNumber": 9000385135,
      "shiftCode": "Y1030普"
    },
    {
      "canWork": true,
      "createdAt": "2025-08-29T01:17:41.919Z",
      "updatedAt": "2025-08-29T01:17:41.943Z",
      "id": 9904,
      "employeeNumber": 9000385135,
      "shiftCode": "G值"
    },
    {
      "id": 9905,
      "canWork": true,
      "updatedAt": "2025-08-31T14:58:08.378Z",
      "createdAt": null,
      "employeeNumber": 9000385137,
      "shiftCode": "G"
    },
    {
      "canWork": true,
      "createdAt": "2025-08-29T01:17:41.920Z",
      "updatedAt": "2025-08-29T01:17:41.943Z",
      "id": 9906,
      "employeeNumber": 9000385137,
      "shiftCode": "Y1030普"
    },
    {
      "canWork": true,
      "createdAt": "2025-08-29T01:17:41.920Z",
      "updatedAt": "2025-08-29T01:17:41.943Z",
      "id": 9907,
      "employeeNumber": 9000385137,
      "shiftCode": "Y16综"
    },
    {
      "canWork": true,
      "createdAt": "2025-08-29T01:17:41.921Z",
      "updatedAt": "2025-08-29T01:17:41.943Z",
      "id": 9908,
      "employeeNumber": 9000385137,
      "shiftCode": "G值"
    },
    {
      "id": 9909,
      "canWork": true,
      "updatedAt": "2025-08-31T14:58:08.378Z",
      "createdAt": null,
      "employeeNumber": 9000284680,
      "shiftCode": "G"
    },
    {
      "canWork": true,
      "createdAt": "2025-08-29T01:17:41.922Z",
      "updatedAt": "2025-08-29T01:17:41.943Z",
      "id": 9910,
      "employeeNumber": 9000277851,
      "shiftCode": "C"
    },
    {
      "id": 9911,
      "canWork": true,
      "updatedAt": "2025-08-31T14:58:08.378Z",
      "createdAt": null,
      "employeeNumber": 7811100019,
      "shiftCode": "G"
    },
    {
      "id": 9912,
      "canWork": true,
      "updatedAt": "2025-08-31T14:58:08.378Z",
      "createdAt": null,
      "employeeNumber": 9000273605,
      "shiftCode": "G"
    },
    {
      "canWork": true,
      "createdAt": "2025-08-29T01:17:41.923Z",
      "updatedAt": "2025-08-29T01:17:41.943Z",
      "id": 9913,
      "employeeNumber": 9000273605,
      "shiftCode": "Y1030普"
    },
    {
      "canWork": true,
      "createdAt": "2025-08-29T01:17:41.924Z",
      "updatedAt": "2025-08-29T01:17:41.943Z",
      "id": 9914,
      "employeeNumber": 9000273605,
      "shiftCode": "Y16综"
    },
    {
      "id": 9915,
      "canWork": false,
      "updatedAt": "2025-08-29T05:27:09.474Z",
      "createdAt": "1970-01-01T00:00:00.000Z",
      "employeeNumber": 9000273605,
      "shiftCode": "G值"
    },
    {
      "id": 9916,
      "canWork": true,
      "updatedAt": "2025-08-31T14:58:08.378Z",
      "createdAt": null,
      "employeeNumber": 7811200049,
      "shiftCode": "G"
    },
    {
      "canWork": true,
      "createdAt": "2025-08-29T01:17:41.925Z",
      "updatedAt": "2025-08-29T01:17:41.943Z",
      "id": 9917,
      "employeeNumber": 7811200049,
      "shiftCode": "Y1030普"
    },
    {
      "canWork": true,
      "createdAt": "2025-08-29T01:17:41.926Z",
      "updatedAt": "2025-08-29T01:17:41.943Z",
      "id": 9918,
      "employeeNumber": 7811200049,
      "shiftCode": "Y16综"
    },
    {
      "id": 9919,
      "canWork": false,
      "updatedAt": "2025-08-29T05:27:09.474Z",
      "createdAt": "1970-01-01T00:00:00.000Z",
      "employeeNumber": 7811200049,
      "shiftCode": "G值"
    },
    {
      "id": 9920,
      "canWork": true,
      "updatedAt": "2025-08-31T14:58:08.378Z",
      "createdAt": null,
      "employeeNumber": 7811500006,
      "shiftCode": "G"
    },
    {
      "canWork": true,
      "createdAt": "2025-08-29T01:17:41.928Z",
      "updatedAt": "2025-08-29T01:17:41.943Z",
      "id": 9921,
      "employeeNumber": 7811500006,
      "shiftCode": "Y1030普"
    },
    {
      "id": 9922,
      "canWork": false,
      "updatedAt": "2025-08-29T05:27:09.474Z",
      "createdAt": "1970-01-01T00:00:00.000Z",
      "employeeNumber": 7811500006,
      "shiftCode": "G值"
    },
    {
      "id": 9923,
      "canWork": true,
      "updatedAt": "2025-08-31T14:58:08.378Z",
      "createdAt": null,
      "employeeNumber": 9000279563,
      "shiftCode": "G"
    },
    {
      "canWork": true,
      "createdAt": "2025-08-29T01:17:41.930Z",
      "updatedAt": "2025-08-29T01:17:41.943Z",
      "id": 9924,
      "employeeNumber": 9000279563,
      "shiftCode": "Y1030普"
    },
    {
      "canWork": true,
      "createdAt": "2025-08-29T01:17:41.930Z",
      "updatedAt": "2025-08-29T01:17:41.943Z",
      "id": 9925,
      "employeeNumber": 9000279563,
      "shiftCode": "Y16综"
    },
    {
      "id": 9926,
      "canWork": false,
      "updatedAt": "2025-08-29T05:27:09.474Z",
      "createdAt": "1970-01-01T00:00:00.000Z",
      "employeeNumber": 9000279563,
      "shiftCode": "G值"
    },
    {
      "id": 9927,
      "canWork": true,
      "updatedAt": "2025-08-31T14:58:08.378Z",
      "createdAt": null,
      "employeeNumber": 9000275301,
      "shiftCode": "G"
    },
    {
      "id": 9928,
      "canWork": true,
      "updatedAt": "2025-08-31T14:58:08.378Z",
      "createdAt": null,
      "employeeNumber": 9000330993,
      "shiftCode": "G"
    },
    {
      "canWork": true,
      "createdAt": "2025-08-29T01:17:41.932Z",
      "updatedAt": "2025-08-29T01:17:41.943Z",
      "id": 9929,
      "employeeNumber": 9000330993,
      "shiftCode": "Y1030普"
    },
    {
      "canWork": true,
      "createdAt": "2025-08-29T01:17:41.933Z",
      "updatedAt": "2025-08-29T01:17:41.943Z",
      "id": 9930,
      "employeeNumber": 9000330993,
      "shiftCode": "Y16综"
    },
    {
      "id": 9931,
      "canWork": false,
      "updatedAt": "2025-08-29T05:27:09.474Z",
      "createdAt": "1970-01-01T00:00:00.000Z",
      "employeeNumber": 9000330993,
      "shiftCode": "G值"
    },
    {
      "id": 9932,
      "canWork": true,
      "updatedAt": "2025-08-31T14:58:08.378Z",
      "createdAt": null,
      "employeeNumber": 7811100044,
      "shiftCode": "G"
    },
    {
      "canWork": true,
      "createdAt": "2025-08-29T01:17:41.934Z",
      "updatedAt": "2025-08-29T01:17:41.943Z",
      "id": 9933,
      "employeeNumber": 7811100044,
      "shiftCode": "Y1030普"
    },
    {
      "canWork": true,
      "createdAt": "2025-08-29T01:17:41.934Z",
      "updatedAt": "2025-08-29T01:17:41.943Z",
      "id": 9934,
      "employeeNumber": 7811100044,
      "shiftCode": "Y16综"
    },
    {
      "id": 9935,
      "canWork": false,
      "updatedAt": "2025-08-29T05:27:09.474Z",
      "createdAt": "1970-01-01T00:00:00.000Z",
      "employeeNumber": 7811100044,
      "shiftCode": "G值"
    },
    {
      "id": 9936,
      "canWork": true,
      "updatedAt": "2025-08-31T14:58:08.378Z",
      "createdAt": null,
      "employeeNumber": 9000288422,
      "shiftCode": "G"
    },
    {
      "canWork": true,
      "createdAt": "2025-08-29T01:17:41.936Z",
      "updatedAt": "2025-08-29T01:17:41.943Z",
      "id": 9937,
      "employeeNumber": 9000288422,
      "shiftCode": "Y1030普"
    },
    {
      "canWork": true,
      "createdAt": "2025-08-29T01:17:41.936Z",
      "updatedAt": "2025-08-29T01:17:41.943Z",
      "id": 9938,
      "employeeNumber": 9000288422,
      "shiftCode": "Y16综"
    },
    {
      "id": 9939,
      "canWork": false,
      "updatedAt": "2025-08-29T05:27:09.474Z",
      "createdAt": "1970-01-01T00:00:00.000Z",
      "employeeNumber": 9000288422,
      "shiftCode": "G值"
    },
    {
      "id": 9940,
      "canWork": true,
      "updatedAt": "2025-08-31T14:58:08.378Z",
      "createdAt": null,
      "employeeNumber": 9000384099,
      "shiftCode": "G"
    },
    {
      "canWork": true,
      "createdAt": "2025-08-29T01:17:41.937Z",
      "updatedAt": "2025-08-29T01:17:41.943Z",
      "id": 9941,
      "employeeNumber": 9000384099,
      "shiftCode": "Y1030普"
    },
    {
      "canWork": true,
      "createdAt": "2025-08-29T01:17:41.938Z",
      "updatedAt": "2025-08-29T01:17:41.943Z",
      "id": 9942,
      "employeeNumber": 9000384099,
      "shiftCode": "Y16综"
    },
    {
      "id": 9943,
      "canWork": false,
      "updatedAt": "2025-08-29T05:27:09.475Z",
      "createdAt": "1970-01-01T00:00:00.000Z",
      "employeeNumber": 9000384099,
      "shiftCode": "G值"
    },
    {
      "id": 9944,
      "canWork": true,
      "updatedAt": "2025-08-31T14:58:08.378Z",
      "createdAt": null,
      "employeeNumber": 9000381702,
      "shiftCode": "G"
    },
    {
      "canWork": true,
      "createdAt": "2025-08-29T01:17:41.939Z",
      "updatedAt": "2025-08-29T01:17:41.943Z",
      "id": 9945,
      "employeeNumber": 9000381702,
      "shiftCode": "Y1030普"
    },
    {
      "canWork": true,
      "createdAt": "2025-08-29T01:17:41.940Z",
      "updatedAt": "2025-08-29T01:17:41.943Z",
      "id": 9946,
      "employeeNumber": 9000381702,
      "shiftCode": "Y16综"
    },
    {
      "id": 9947,
      "canWork": false,
      "updatedAt": "2025-08-29T05:27:09.475Z",
      "createdAt": "1970-01-01T00:00:00.000Z",
      "employeeNumber": 9000381702,
      "shiftCode": "G值"
    },
    {
      "id": 9948,
      "canWork": true,
      "updatedAt": "2025-08-31T14:58:08.379Z",
      "createdAt": null,
      "employeeNumber": 9000282808,
      "shiftCode": "G"
    },
    {
      "canWork": true,
      "createdAt": "2025-08-29T01:17:41.941Z",
      "updatedAt": "2025-08-29T01:17:41.943Z",
      "id": 9949,
      "employeeNumber": 9000282808,
      "shiftCode": "Y1030普"
    },
    {
      "canWork": true,
      "createdAt": "2025-08-29T01:17:41.942Z",
      "updatedAt": "2025-08-29T01:17:41.943Z",
      "id": 9950,
      "employeeNumber": 9000282808,
      "shiftCode": "Y16综"
    },
    {
      "id": 9951,
      "canWork": false,
      "updatedAt": "2025-08-29T05:27:09.475Z",
      "createdAt": "1970-01-01T00:00:00.000Z",
      "employeeNumber": 9000282808,
      "shiftCode": "G值"
    },
    {
      "id": 9952,
      "canWork": true,
      "updatedAt": "2025-08-31T14:58:08.377Z",
      "createdAt": null,
      "employeeNumber": 9000339705,
      "shiftCode": "G"
    },
    {
      "id": 9953,
      "canWork": true,
      "updatedAt": "2025-08-31T14:58:08.376Z",
      "createdAt": null,
      "employeeNumber": 9000390198,
      "shiftCode": "G"
    },
    {
      "id": 9954,
      "canWork": false,
      "updatedAt": "2025-08-29T05:26:39.910Z",
      "createdAt": "1970-01-01T00:00:00.000Z",
      "employeeNumber": 9000390198,
      "shiftCode": "G值"
    },
    {
      "canWork": true,
      "createdAt": "2025-08-29T04:51:54.702Z",
      "updatedAt": "2025-08-29T04:51:54.706Z",
      "id": 9955,
      "employeeNumber": 9000390198,
      "shiftCode": "休"
    },
    {
      "canWork": true,
      "createdAt": "2025-08-29T04:51:54.703Z",
      "updatedAt": "2025-08-29T04:51:54.706Z",
      "id": 9956,
      "employeeNumber": 9000390197,
      "shiftCode": "休"
    },
    {
      "canWork": true,
      "createdAt": "2025-08-29T04:51:54.703Z",
      "updatedAt": "2025-08-29T04:51:54.706Z",
      "id": 9957,
      "employeeNumber": 9000390195,
      "shiftCode": "休"
    },
    {
      "canWork": true,
      "createdAt": "2025-08-29T04:51:54.703Z",
      "updatedAt": "2025-08-29T04:51:54.706Z",
      "id": 9958,
      "employeeNumber": 9000390196,
      "shiftCode": "休"
    },
    {
      "canWork": true,
      "createdAt": "2025-08-29T04:51:54.703Z",
      "updatedAt": "2025-08-29T04:51:54.706Z",
      "id": 9959,
      "employeeNumber": 9000390229,
      "shiftCode": "休"
    },
    {
      "canWork": true,
      "createdAt": "2025-08-29T04:51:54.703Z",
      "updatedAt": "2025-08-29T04:51:54.706Z",
      "id": 9960,
      "employeeNumber": 9000390190,
      "shiftCode": "休"
    },
    {
      "canWork": true,
      "createdAt": "2025-08-29T04:51:54.703Z",
      "updatedAt": "2025-08-29T04:51:54.706Z",
      "id": 9961,
      "employeeNumber": 9000390193,
      "shiftCode": "休"
    },
    {
      "canWork": true,
      "createdAt": "2025-08-29T04:51:54.703Z",
      "updatedAt": "2025-08-29T04:51:54.706Z",
      "id": 9962,
      "employeeNumber": 9000284112,
      "shiftCode": "休"
    },
    {
      "id": 9963,
      "canWork": false,
      "updatedAt": "2025-08-29T04:52:07.688Z",
      "createdAt": "1970-01-01T00:00:00.000Z",
      "employeeNumber": 9000286563,
      "shiftCode": "休"
    },
    {
      "canWork": true,
      "createdAt": "2025-08-29T04:51:54.703Z",
      "updatedAt": "2025-08-29T04:51:54.706Z",
      "id": 9964,
      "employeeNumber": 9000277844,
      "shiftCode": "休"
    },
    {
      "canWork": true,
      "createdAt": "2025-08-29T04:51:54.703Z",
      "updatedAt": "2025-08-29T04:51:54.706Z",
      "id": 9965,
      "employeeNumber": 9000322711,
      "shiftCode": "休"
    },
    {
      "canWork": true,
      "createdAt": "2025-08-29T04:51:54.703Z",
      "updatedAt": "2025-08-29T04:51:54.706Z",
      "id": 9966,
      "employeeNumber": 9000282804,
      "shiftCode": "休"
    },
    {
      "canWork": true,
      "createdAt": "2025-08-29T04:51:54.703Z",
      "updatedAt": "2025-08-29T04:51:54.706Z",
      "id": 9967,
      "employeeNumber": 9000271024,
      "shiftCode": "休"
    },
    {
      "canWork": true,
      "createdAt": "2025-08-29T04:51:54.703Z",
      "updatedAt": "2025-08-29T04:51:54.706Z",
      "id": 9968,
      "employeeNumber": 9000385131,
      "shiftCode": "休"
    },
    {
      "canWork": true,
      "createdAt": "2025-08-29T04:51:54.703Z",
      "updatedAt": "2025-08-29T04:51:54.706Z",
      "id": 9969,
      "employeeNumber": 7811100155,
      "shiftCode": "休"
    },
    {
      "canWork": true,
      "createdAt": "2025-08-29T04:51:54.703Z",
      "updatedAt": "2025-08-29T04:51:54.706Z",
      "id": 9970,
      "employeeNumber": 9000384107,
      "shiftCode": "休"
    },
    {
      "canWork": true,
      "createdAt": "2025-08-29T04:51:54.703Z",
      "updatedAt": "2025-08-29T04:51:54.706Z",
      "id": 9971,
      "employeeNumber": 9000384117,
      "shiftCode": "休"
    },
    {
      "canWork": true,
      "createdAt": "2025-08-29T04:51:54.703Z",
      "updatedAt": "2025-08-29T04:51:54.706Z",
      "id": 9972,
      "employeeNumber": 7811100017,
      "shiftCode": "休"
    },
    {
      "canWork": true,
      "createdAt": "2025-08-29T04:51:54.703Z",
      "updatedAt": "2025-08-29T04:51:54.706Z",
      "id": 9973,
      "employeeNumber": 7811100015,
      "shiftCode": "休"
    },
    {
      "canWork": true,
      "createdAt": "2025-08-29T04:51:54.703Z",
      "updatedAt": "2025-08-29T04:51:54.706Z",
      "id": 9974,
      "employeeNumber": 9000351997,
      "shiftCode": "休"
    },
    {
      "canWork": true,
      "createdAt": "2025-08-29T04:51:54.703Z",
      "updatedAt": "2025-08-29T04:51:54.706Z",
      "id": 9975,
      "employeeNumber": 9000336272,
      "shiftCode": "休"
    },
    {
      "canWork": true,
      "createdAt": "2025-08-29T04:51:54.703Z",
      "updatedAt": "2025-08-29T04:51:54.706Z",
      "id": 9976,
      "employeeNumber": 9000358368,
      "shiftCode": "休"
    },
    {
      "canWork": true,
      "createdAt": "2025-08-29T04:51:54.703Z",
      "updatedAt": "2025-08-29T04:51:54.706Z",
      "id": 9977,
      "employeeNumber": 9000339711,
      "shiftCode": "休"
    },
    {
      "canWork": true,
      "createdAt": "2025-08-29T04:51:54.703Z",
      "updatedAt": "2025-08-29T04:51:54.706Z",
      "id": 9978,
      "employeeNumber": 9000299145,
      "shiftCode": "休"
    },
    {
      "canWork": true,
      "createdAt": "2025-08-29T04:51:54.703Z",
      "updatedAt": "2025-08-29T04:51:54.706Z",
      "id": 9979,
      "employeeNumber": 9000293007,
      "shiftCode": "休"
    },
    {
      "canWork": true,
      "createdAt": "2025-08-29T04:51:54.703Z",
      "updatedAt": "2025-08-29T04:51:54.706Z",
      "id": 9980,
      "employeeNumber": 9000296479,
      "shiftCode": "休"
    },
    {
      "canWork": true,
      "createdAt": "2025-08-29T04:51:54.703Z",
      "updatedAt": "2025-08-29T04:51:54.706Z",
      "id": 9981,
      "employeeNumber": 9000314712,
      "shiftCode": "休"
    },
    {
      "canWork": true,
      "createdAt": "2025-08-29T04:51:54.703Z",
      "updatedAt": "2025-08-29T04:51:54.706Z",
      "id": 9982,
      "employeeNumber": 9000339705,
      "shiftCode": "休"
    },
    {
      "canWork": true,
      "createdAt": "2025-08-29T04:51:54.703Z",
      "updatedAt": "2025-08-29T04:51:54.706Z",
      "id": 9983,
      "employeeNumber": 9000361241,
      "shiftCode": "休"
    },
    {
      "canWork": true,
      "createdAt": "2025-08-29T04:51:54.703Z",
      "updatedAt": "2025-08-29T04:51:54.706Z",
      "id": 9984,
      "employeeNumber": 9000327945,
      "shiftCode": "休"
    },
    {
      "canWork": true,
      "createdAt": "2025-08-29T04:51:54.703Z",
      "updatedAt": "2025-08-29T04:51:54.706Z",
      "id": 9985,
      "employeeNumber": 9000276443,
      "shiftCode": "休"
    },
    {
      "canWork": true,
      "createdAt": "2025-08-29T04:51:54.703Z",
      "updatedAt": "2025-08-29T04:51:54.706Z",
      "id": 9986,
      "employeeNumber": 9000040066,
      "shiftCode": "休"
    },
    {
      "canWork": true,
      "createdAt": "2025-08-29T04:51:54.703Z",
      "updatedAt": "2025-08-29T04:51:54.706Z",
      "id": 9987,
      "employeeNumber": 9000283567,
      "shiftCode": "休"
    },
    {
      "canWork": true,
      "createdAt": "2025-08-29T04:51:54.703Z",
      "updatedAt": "2025-08-29T04:51:54.706Z",
      "id": 9988,
      "employeeNumber": 9000277847,
      "shiftCode": "休"
    },
    {
      "canWork": true,
      "createdAt": "2025-08-29T04:51:54.703Z",
      "updatedAt": "2025-08-29T04:51:54.706Z",
      "id": 9989,
      "employeeNumber": 9000282805,
      "shiftCode": "休"
    },
    {
      "canWork": true,
      "createdAt": "2025-08-29T04:51:54.703Z",
      "updatedAt": "2025-08-29T04:51:54.706Z",
      "id": 9990,
      "employeeNumber": 9000295092,
      "shiftCode": "休"
    },
    {
      "canWork": true,
      "createdAt": "2025-08-29T04:51:54.703Z",
      "updatedAt": "2025-08-29T04:51:54.706Z",
      "id": 9991,
      "employeeNumber": 9000314458,
      "shiftCode": "休"
    },
    {
      "canWork": true,
      "createdAt": "2025-08-29T04:51:54.703Z",
      "updatedAt": "2025-08-29T04:51:54.706Z",
      "id": 9992,
      "employeeNumber": 9000322636,
      "shiftCode": "休"
    },
    {
      "canWork": true,
      "createdAt": "2025-08-29T04:51:54.704Z",
      "updatedAt": "2025-08-29T04:51:54.706Z",
      "id": 9993,
      "employeeNumber": 9000288312,
      "shiftCode": "休"
    },
    {
      "canWork": true,
      "createdAt": "2025-08-29T04:51:54.704Z",
      "updatedAt": "2025-08-29T04:51:54.706Z",
      "id": 9994,
      "employeeNumber": 9000288396,
      "shiftCode": "休"
    },
    {
      "canWork": true,
      "createdAt": "2025-08-29T04:51:54.704Z",
      "updatedAt": "2025-08-29T04:51:54.706Z",
      "id": 9995,
      "employeeNumber": 9000385138,
      "shiftCode": "休"
    },
    {
      "canWork": true,
      "createdAt": "2025-08-29T04:51:54.704Z",
      "updatedAt": "2025-08-29T04:51:54.707Z",
      "id": 9996,
      "employeeNumber": 9000385135,
      "shiftCode": "休"
    },
    {
      "canWork": true,
      "createdAt": "2025-08-29T04:51:54.704Z",
      "updatedAt": "2025-08-29T04:51:54.707Z",
      "id": 9997,
      "employeeNumber": 9000385137,
      "shiftCode": "休"
    },
    {
      "canWork": true,
      "createdAt": "2025-08-29T04:51:54.704Z",
      "updatedAt": "2025-08-29T04:51:54.707Z",
      "id": 9998,
      "employeeNumber": 9000284680,
      "shiftCode": "休"
    },
    {
      "id": 9999,
      "canWork": false,
      "updatedAt": "2025-08-29T04:52:15.530Z",
      "createdAt": "1970-01-01T00:00:00.000Z",
      "employeeNumber": 9000277851,
      "shiftCode": "休"
    },
    {
      "canWork": true,
      "createdAt": "2025-08-29T04:51:54.704Z",
      "updatedAt": "2025-08-29T04:51:54.707Z",
      "id": 10000,
      "employeeNumber": 7811100019,
      "shiftCode": "休"
    },
    {
      "canWork": true,
      "createdAt": "2025-08-29T04:51:54.704Z",
      "updatedAt": "2025-08-29T04:51:54.707Z",
      "id": 10001,
      "employeeNumber": 9000273605,
      "shiftCode": "休"
    },
    {
      "canWork": true,
      "createdAt": "2025-08-29T04:51:54.704Z",
      "updatedAt": "2025-08-29T04:51:54.707Z",
      "id": 10002,
      "employeeNumber": 7811200049,
      "shiftCode": "休"
    },
    {
      "canWork": true,
      "createdAt": "2025-08-29T04:51:54.704Z",
      "updatedAt": "2025-08-29T04:51:54.707Z",
      "id": 10003,
      "employeeNumber": 7811500006,
      "shiftCode": "休"
    },
    {
      "canWork": true,
      "createdAt": "2025-08-29T04:51:54.704Z",
      "updatedAt": "2025-08-29T04:51:54.707Z",
      "id": 10004,
      "employeeNumber": 9000279563,
      "shiftCode": "休"
    },
    {
      "canWork": true,
      "createdAt": "2025-08-29T04:51:54.704Z",
      "updatedAt": "2025-08-29T04:51:54.707Z",
      "id": 10005,
      "employeeNumber": 9000275301,
      "shiftCode": "休"
    },
    {
      "canWork": true,
      "createdAt": "2025-08-29T04:51:54.704Z",
      "updatedAt": "2025-08-29T04:51:54.707Z",
      "id": 10006,
      "employeeNumber": 9000330993,
      "shiftCode": "休"
    },
    {
      "canWork": true,
      "createdAt": "2025-08-29T04:51:54.704Z",
      "updatedAt": "2025-08-29T04:51:54.707Z",
      "id": 10007,
      "employeeNumber": 7811100044,
      "shiftCode": "休"
    },
    {
      "canWork": true,
      "createdAt": "2025-08-29T04:51:54.704Z",
      "updatedAt": "2025-08-29T04:51:54.707Z",
      "id": 10008,
      "employeeNumber": 9000288422,
      "shiftCode": "休"
    },
    {
      "canWork": true,
      "createdAt": "2025-08-29T04:51:54.704Z",
      "updatedAt": "2025-08-29T04:51:54.707Z",
      "id": 10009,
      "employeeNumber": 9000384099,
      "shiftCode": "休"
    },
    {
      "canWork": true,
      "createdAt": "2025-08-29T04:51:54.704Z",
      "updatedAt": "2025-08-29T04:51:54.707Z",
      "id": 10010,
      "employeeNumber": 9000381702,
      "shiftCode": "休"
    },
    {
      "canWork": true,
      "createdAt": "2025-08-29T04:51:54.704Z",
      "updatedAt": "2025-08-29T04:51:54.707Z",
      "id": 10011,
      "employeeNumber": 9000282808,
      "shiftCode": "休"
    },
    {
      "canWork": true,
      "createdAt": "2025-08-29T05:09:28.063Z",
      "updatedAt": "2025-08-29T05:09:28.063Z",
      "id": 10012,
      "employeeNumber": 9000277844,
      "shiftCode": "G值-B"
    },
    {
      "canWork": true,
      "createdAt": "2025-08-29T05:09:31.500Z",
      "updatedAt": "2025-08-29T05:09:31.501Z",
      "id": 10013,
      "employeeNumber": 9000322711,
      "shiftCode": "G值-B"
    },
    {
      "canWork": true,
      "createdAt": "2025-08-29T05:09:36.932Z",
      "updatedAt": "2025-08-29T05:09:36.932Z",
      "id": 10014,
      "employeeNumber": 9000271024,
      "shiftCode": "G值-B"
    },
    {
      "canWork": true,
      "createdAt": "2025-08-29T05:09:43.556Z",
      "updatedAt": "2025-08-29T05:09:43.557Z",
      "id": 10015,
      "employeeNumber": 9000385131,
      "shiftCode": "G值-B"
    },
    {
      "canWork": true,
      "createdAt": "2025-08-29T05:09:46.247Z",
      "updatedAt": "2025-08-29T05:09:46.248Z",
      "id": 10016,
      "employeeNumber": 7811100155,
      "shiftCode": "G值-B"
    },
    {
      "canWork": true,
      "createdAt": "2025-08-29T05:09:52.620Z",
      "updatedAt": "2025-08-29T05:09:52.621Z",
      "id": 10017,
      "employeeNumber": 9000384107,
      "shiftCode": "G值-B"
    },
    {
      "canWork": true,
      "createdAt": "2025-08-29T05:09:57.974Z",
      "updatedAt": "2025-08-29T05:09:57.975Z",
      "id": 10018,
      "employeeNumber": 9000384117,
      "shiftCode": "G值-B"
    },
    {
      "canWork": true,
      "createdAt": "2025-08-29T05:10:03.096Z",
      "updatedAt": "2025-08-29T05:10:03.096Z",
      "id": 10019,
      "employeeNumber": 9000390198,
      "shiftCode": "G值-B"
    },
    {
      "canWork": true,
      "createdAt": "2025-08-29T05:10:04.968Z",
      "updatedAt": "2025-08-29T05:10:04.969Z",
      "id": 10020,
      "employeeNumber": 9000390197,
      "shiftCode": "G值-B"
    },
    {
      "canWork": true,
      "createdAt": "2025-08-29T05:10:06.430Z",
      "updatedAt": "2025-08-29T05:10:06.431Z",
      "id": 10021,
      "employeeNumber": 9000390195,
      "shiftCode": "G值-B"
    },
    {
      "canWork": true,
      "createdAt": "2025-08-29T05:10:08.156Z",
      "updatedAt": "2025-08-29T05:10:08.157Z",
      "id": 10022,
      "employeeNumber": 9000390196,
      "shiftCode": "G值-B"
    },
    {
      "canWork": true,
      "createdAt": "2025-08-29T05:10:09.470Z",
      "updatedAt": "2025-08-29T05:10:09.471Z",
      "id": 10023,
      "employeeNumber": 9000390229,
      "shiftCode": "G值-B"
    },
    {
      "canWork": true,
      "createdAt": "2025-08-29T05:10:11.167Z",
      "updatedAt": "2025-08-29T05:10:11.168Z",
      "id": 10024,
      "employeeNumber": 9000390190,
      "shiftCode": "G值-B"
    },
    {
      "canWork": true,
      "createdAt": "2025-08-29T05:10:13.549Z",
      "updatedAt": "2025-08-29T05:10:13.550Z",
      "id": 10025,
      "employeeNumber": 9000390193,
      "shiftCode": "G值-B"
    },
    {
      "canWork": true,
      "createdAt": "2025-08-29T05:21:11.321Z",
      "updatedAt": "2025-08-29T05:21:11.322Z",
      "id": 10026,
      "employeeNumber": 9000273605,
      "shiftCode": "G值-A"
    },
    {
      "canWork": true,
      "createdAt": "2025-08-29T05:21:12.548Z",
      "updatedAt": "2025-08-29T05:21:12.549Z",
      "id": 10027,
      "employeeNumber": 9000273605,
      "shiftCode": "G值-C"
    },
    {
      "canWork": true,
      "createdAt": "2025-08-29T05:21:17.302Z",
      "updatedAt": "2025-08-29T05:21:17.302Z",
      "id": 10028,
      "employeeNumber": 7811200049,
      "shiftCode": "G值-A"
    },
    {
      "canWork": true,
      "createdAt": "2025-08-29T05:21:17.880Z",
      "updatedAt": "2025-08-29T05:21:17.881Z",
      "id": 10029,
      "employeeNumber": 7811200049,
      "shiftCode": "G值-C"
    },
    {
      "canWork": true,
      "createdAt": "2025-08-29T05:21:25.463Z",
      "updatedAt": "2025-08-29T05:21:25.464Z",
      "id": 10030,
      "employeeNumber": 7811500006,
      "shiftCode": "G值-A"
    },
    {
      "canWork": true,
      "createdAt": "2025-08-29T05:21:26.212Z",
      "updatedAt": "2025-08-29T05:21:26.213Z",
      "id": 10031,
      "employeeNumber": 7811500006,
      "shiftCode": "G值-C"
    },
    {
      "canWork": true,
      "createdAt": "2025-08-29T05:21:27.789Z",
      "updatedAt": "2025-08-29T05:21:27.790Z",
      "id": 10032,
      "employeeNumber": 9000279563,
      "shiftCode": "G值-A"
    },
    {
      "canWork": true,
      "createdAt": "2025-08-29T05:21:28.407Z",
      "updatedAt": "2025-08-29T05:21:28.408Z",
      "id": 10033,
      "employeeNumber": 9000279563,
      "shiftCode": "G值-C"
    },
    {
      "canWork": true,
      "createdAt": "2025-08-29T05:24:39.507Z",
      "updatedAt": "2025-08-29T05:24:39.508Z",
      "id": 10034,
      "employeeNumber": 9000330993,
      "shiftCode": "G值-A"
    },
    {
      "canWork": true,
      "createdAt": "2025-08-29T05:24:40.904Z",
      "updatedAt": "2025-08-29T05:24:40.905Z",
      "id": 10035,
      "employeeNumber": 9000330993,
      "shiftCode": "G值-C"
    },
    {
      "canWork": true,
      "createdAt": "2025-08-29T05:24:42.611Z",
      "updatedAt": "2025-08-29T05:24:42.612Z",
      "id": 10036,
      "employeeNumber": 7811100044,
      "shiftCode": "G值-A"
    },
    {
      "canWork": true,
      "createdAt": "2025-08-29T05:24:43.207Z",
      "updatedAt": "2025-08-29T05:24:43.208Z",
      "id": 10037,
      "employeeNumber": 7811100044,
      "shiftCode": "G值-C"
    },
    {
      "canWork": true,
      "createdAt": "2025-08-29T05:24:45.327Z",
      "updatedAt": "2025-08-29T05:24:45.328Z",
      "id": 10038,
      "employeeNumber": 9000288422,
      "shiftCode": "G值-A"
    },
    {
      "canWork": true,
      "createdAt": "2025-08-29T05:24:46.226Z",
      "updatedAt": "2025-08-29T05:24:46.227Z",
      "id": 10039,
      "employeeNumber": 9000288422,
      "shiftCode": "G值-C"
    },
    {
      "canWork": true,
      "createdAt": "2025-08-29T05:24:48.717Z",
      "updatedAt": "2025-08-29T05:24:48.718Z",
      "id": 10040,
      "employeeNumber": 9000384099,
      "shiftCode": "G值-A"
    },
    {
      "canWork": true,
      "createdAt": "2025-08-29T05:24:49.551Z",
      "updatedAt": "2025-08-29T05:24:49.553Z",
      "id": 10041,
      "employeeNumber": 9000384099,
      "shiftCode": "G值-C"
    },
    {
      "canWork": true,
      "createdAt": "2025-08-29T05:24:53.948Z",
      "updatedAt": "2025-08-29T05:24:53.949Z",
      "id": 10042,
      "employeeNumber": 9000381702,
      "shiftCode": "G值-A"
    },
    {
      "canWork": true,
      "createdAt": "2025-08-29T05:24:55.367Z",
      "updatedAt": "2025-08-29T05:24:55.368Z",
      "id": 10043,
      "employeeNumber": 9000381702,
      "shiftCode": "G值-C"
    },
    {
      "canWork": true,
      "createdAt": "2025-08-29T05:24:57.471Z",
      "updatedAt": "2025-08-29T05:24:57.472Z",
      "id": 10044,
      "employeeNumber": 9000282808,
      "shiftCode": "G值-A"
    },
    {
      "canWork": true,
      "createdAt": "2025-08-29T05:24:58.821Z",
      "updatedAt": "2025-08-29T05:24:58.822Z",
      "id": 10045,
      "employeeNumber": 9000282808,
      "shiftCode": "G值-C"
    },
    {
      "id": 10046,
      "canWork": false,
      "updatedAt": "2025-08-29T05:26:39.910Z",
      "createdAt": "1970-01-01T00:00:00.000Z",
      "employeeNumber": 9000284112,
      "shiftCode": "G值"
    },
    {
      "id": 10047,
      "canWork": false,
      "updatedAt": "2025-08-29T05:26:39.910Z",
      "createdAt": "1970-01-01T00:00:00.000Z",
      "employeeNumber": 9000286563,
      "shiftCode": "G值"
    },
    {
      "id": 10048,
      "canWork": false,
      "updatedAt": "2025-08-29T05:26:39.911Z",
      "createdAt": "1970-01-01T00:00:00.000Z",
      "employeeNumber": 9000282804,
      "shiftCode": "G值"
    },
    {
      "id": 10049,
      "canWork": false,
      "updatedAt": "2025-08-29T05:26:39.911Z",
      "createdAt": "1970-01-01T00:00:00.000Z",
      "employeeNumber": 7811100017,
      "shiftCode": "G值"
    },
    {
      "id": 10050,
      "canWork": false,
      "updatedAt": "2025-08-29T05:27:09.474Z",
      "createdAt": "1970-01-01T00:00:00.000Z",
      "employeeNumber": 9000284680,
      "shiftCode": "G值"
    },
    {
      "id": 10051,
      "canWork": false,
      "updatedAt": "2025-08-29T05:27:09.474Z",
      "createdAt": "1970-01-01T00:00:00.000Z",
      "employeeNumber": 9000277851,
      "shiftCode": "G值"
    },
    {
      "id": 10052,
      "canWork": false,
      "updatedAt": "2025-08-29T05:27:09.474Z",
      "createdAt": "1970-01-01T00:00:00.000Z",
      "employeeNumber": 7811100019,
      "shiftCode": "G值"
    },
    {
      "id": 10053,
      "canWork": false,
      "updatedAt": "2025-08-29T05:27:09.474Z",
      "createdAt": "1970-01-01T00:00:00.000Z",
      "employeeNumber": 9000275301,
      "shiftCode": "G值"
    },
    {
      "id": 10271,
      "canWork": false,
      "employeeNumber": 9000286563,
      "shiftCode": "G",
      "updatedAt": "2025-09-01T03:14:34.004Z"
    },
    {
      "id": 10272,
      "canWork": false,
      "employeeNumber": 9000277851,
      "shiftCode": "G",
      "updatedAt": "2025-09-01T03:14:38.051Z"
    }
  ],
  "shiftOrders": [
    {
      "position": "风险核查",
      "shiftCode": "G",
      "employeeNumbers": [
        "9000277844",
        "9000322711",
        "9000282804",
        "9000284112",
        "9000271024",
        "9000385131",
        "7811100155",
        "9000384107",
        "9000384117",
        "9000390198",
        "9000390197",
        "9000390195",
        "9000390196",
        "9000390229",
        "9000390190",
        "9000390193"
      ],
      "updatedAt": "2025-08-29T06:16:57.256Z",
      "createdAt": "2025-08-31T09:58:29.583Z"
    },
    {
      "position": "风险核查",
      "shiftCode": "G值",
      "employeeNumbers": [],
      "updatedAt": "2025-08-29T05:13:50.309Z",
      "createdAt": "2025-08-31T09:58:29.583Z"
    },
    {
      "position": "风险核查",
      "shiftCode": "C",
      "employeeNumbers": [
        "9000286563"
      ],
      "excludeAllEmployees": true,
      "updatedAt": "2025-08-29T07:51:30.996Z",
      "createdAt": "2025-08-31T09:58:29.583Z"
    },
    {
      "position": "个人",
      "shiftCode": "Y16综",
      "employeeNumbers": [
        "9000277847",
        "9000314458",
        "9000282805",
        "9000322636",
        "9000283567",
        "9000385137",
        "9000385138"
      ],
      "updatedAt": "2025-08-29T04:57:39.533Z",
      "createdAt": "2025-08-31T09:58:29.583Z"
    },
    {
      "position": "个人",
      "shiftCode": "G值",
      "employeeNumbers": [
        "9000322636",
        "9000385138",
        "9000385137",
        "9000295092",
        "9000288396",
        "9000314458",
        "9000282805",
        "9000385135",
        "9000277847",
        "9000283567"
      ],
      "updatedAt": "2025-08-29T05:00:28.900Z",
      "createdAt": "2025-08-31T09:58:29.583Z"
    },
    {
      "position": "对公",
      "shiftCode": "C",
      "employeeNumbers": [
        "9000277851"
      ],
      "excludeAllEmployees": true,
      "updatedAt": "2025-08-29T07:51:10.163Z",
      "createdAt": "2025-08-31T09:58:29.583Z"
    },
    {
      "position": "对公",
      "shiftCode": "Y16综",
      "employeeNumbers": [
        "7811100044",
        "9000279563",
        "9000330993",
        "9000273605",
        "9000288422",
        "7811200049",
        "9000282808",
        "9000381702",
        "9000384099"
      ],
      "updatedAt": "2025-08-29T06:30:55.160Z",
      "createdAt": "2025-08-31T09:58:29.583Z"
    },
    {
      "position": "对公",
      "shiftCode": "G值",
      "employeeNumbers": [],
      "updatedAt": "2025-08-29T06:22:52.760Z",
      "createdAt": "2025-08-31T09:58:29.583Z"
    },
    {
      "position": "个人",
      "shiftCode": "G",
      "employeeNumbers": [
        "9000040066",
        "9000276443",
        "9000283567",
        "9000277847",
        "9000282805",
        "9000322636",
        "9000327945",
        "9000314458",
        "9000295092",
        "9000385138",
        "9000385137",
        "9000385135",
        "9000288396",
        "9000288312"
      ],
      "updatedAt": "2025-08-29T04:55:50.036Z",
      "createdAt": "2025-08-31T09:58:29.583Z"
    },
    {
      "position": "个人",
      "shiftCode": "Y1030普",
      "employeeNumbers": [],
      "updatedAt": "2025-08-29T05:14:08.740Z",
      "createdAt": "2025-08-31T09:58:29.583Z"
    },
    {
      "position": "对公",
      "shiftCode": "G",
      "employeeNumbers": [
        "9000273605",
        "7811200049",
        "9000279563",
        "9000330993",
        "7811500006",
        "7811100044",
        "9000288422",
        "9000282808",
        "9000381702",
        "9000384099"
      ],
      "updatedAt": "2025-08-29T05:02:05.556Z",
      "createdAt": "2025-08-31T09:58:29.583Z"
    },
    {
      "position": "对公",
      "shiftCode": "Y1030普",
      "employeeNumbers": [],
      "updatedAt": "2025-08-29T05:16:39.441Z",
      "createdAt": "2025-08-31T09:58:29.583Z"
    },
    {
      "position": "对公",
      "shiftCode": "Y8普",
      "employeeNumbers": [
        "9000284680",
        "9000277851",
        "7811100019",
        "9000273605",
        "7811200049",
        "7811500006",
        "9000279563",
        "9000275301",
        "9000330993",
        "7811100044",
        "9000288422",
        "9000384099",
        "9000381702",
        "9000282808"
      ],
      "updatedAt": "2025-08-29T04:51:23.782Z",
      "createdAt": "2025-08-31T09:58:29.583Z"
    },
    {
      "position": "对公",
      "shiftCode": "Y0",
      "employeeNumbers": [
        "9000284680",
        "9000277851",
        "7811100019",
        "9000273605",
        "7811200049",
        "7811500006",
        "9000279563",
        "9000275301",
        "9000330993",
        "7811100044",
        "9000288422",
        "9000384099",
        "9000381702",
        "9000282808"
      ],
      "updatedAt": "2025-08-29T04:51:15.891Z",
      "createdAt": "2025-08-31T09:58:29.583Z"
    },
    {
      "position": "风险核查",
      "shiftCode": "G值-B",
      "employeeNumbers": [
        "9000277844",
        "9000322711",
        "9000271024",
        "9000385131",
        "7811100155",
        "9000384107",
        "9000384117",
        "9000390198",
        "9000390197",
        "9000390195",
        "9000390196",
        "9000390229",
        "9000390190",
        "9000390193"
      ],
      "updatedAt": "2025-08-29T06:08:30.024Z",
      "createdAt": "2025-08-31T09:58:29.583Z"
    },
    {
      "position": "个人",
      "shiftCode": "G值-B",
      "employeeNumbers": [],
      "updatedAt": "2025-08-29T06:11:06.448Z",
      "createdAt": "2025-08-31T09:58:29.583Z"
    },
    {
      "position": "对公",
      "shiftCode": "休",
      "employeeNumbers": [
        "9000284680",
        "7811100019",
        "9000273605",
        "7811200049",
        "7811500006",
        "9000279563",
        "9000275301",
        "9000330993",
        "7811100044",
        "9000288422",
        "9000384099",
        "9000381702",
        "9000282808"
      ],
      "excludeAllEmployees": true,
      "updatedAt": "2025-08-29T07:50:32.991Z",
      "createdAt": "2025-08-31T09:58:29.583Z"
    },
    {
      "position": "个人",
      "shiftCode": "休",
      "employeeNumbers": [
        "7811100015",
        "9000351997",
        "9000336272",
        "9000358368",
        "9000339711",
        "9000299145",
        "9000293007",
        "9000296479",
        "9000314712",
        "9000339705",
        "9000361241",
        "9000327945",
        "9000276443",
        "9000040066",
        "9000283567",
        "9000277847",
        "9000282805",
        "9000295092",
        "9000314458",
        "9000322636",
        "9000288312",
        "9000288396",
        "9000385138",
        "9000385135",
        "9000385137"
      ],
      "excludeAllEmployees": true,
      "updatedAt": "2025-08-29T07:51:16.693Z",
      "createdAt": "2025-08-31T09:58:29.583Z"
    },
    {
      "position": "风险核查",
      "shiftCode": "休",
      "employeeNumbers": [
        "9000390198",
        "9000390197",
        "9000390195",
        "9000390196",
        "9000390229",
        "9000390190",
        "9000390193",
        "9000284112",
        "9000277844",
        "9000322711",
        "9000282804",
        "9000271024",
        "9000385131",
        "7811100155",
        "9000384107",
        "9000384117",
        "7811100017"
      ],
      "excludeAllEmployees": true,
      "updatedAt": "2025-08-29T07:51:26.591Z",
      "createdAt": "2025-08-31T09:58:29.583Z"
    },
    {
      "position": "对公",
      "shiftCode": "G值-A",
      "employeeNumbers": [
        "9000273605",
        "7811200049",
        "9000279563",
        "7811500006",
        "9000330993",
        "7811100044",
        "9000288422",
        "9000282808",
        "9000381702",
        "9000384099"
      ],
      "excludeAllEmployees": false,
      "updatedAt": "2025-08-29T07:53:11.990Z",
      "createdAt": "2025-08-31T09:58:29.583Z"
    },
    {
      "position": "对公",
      "shiftCode": "G值-C",
      "employeeNumbers": [
        "7811200049",
        "9000279563",
        "7811500006",
        "9000273605",
        "9000330993",
        "7811100044",
        "9000288422",
        "9000282808",
        "9000381702",
        "9000384099"
      ],
      "excludeAllEmployees": false,
      "updatedAt": "2025-08-29T07:53:30.496Z",
      "createdAt": "2025-08-31T09:58:29.583Z"
    }
  ],
  "exportTime": "2025-09-01T03:17:39.447Z"
}